{
  "hourly": [
    { "label": "9 AM", "value": 4 },
    { "label": "10 AM", "value": 18 },
    { "label": "11 AM", "value": 2725 },
    { "label": "12 AM", "value": 6773},
    { "label": "1 PM", "value": 6411 },
    { "label": "2 PM", "value": 3612 },
    { "label": "3 PM", "value": 3214 },
    { "label": "4 PM", "value": 4233 },
    { "label": "5 PM", "value": 5210 },
    { "label": "6 PM", "value": 5412 },
    { "label": "7 PM", "value": 4405 },
    { "label": "8 PM", "value": 3532 },
    { "label": "9 PM", "value": 2544 },
    { "label": "10 PM", "value": 1385 },
    { "label": "11 PM", "value": 68 }
  ],
  "daily": [
    { "label": "Monday", "value": 6482 },
    { "label": "Tuesday", "value": 6888 },
    { "label": "Wednesday", "value": 6944 },
    { "label": "Thursday", "value": 7473 },
    { "label": "Friday", "value": 8240 },
    { "label": "Saturday", "value": 7488 },
    { "label": "Sunday", "value": 6031 }
  ],
  "monthly": [
    { "label": "January", "value": 4230 },
    { "label": "February", "value": 3958 },
    { "label": "March", "value": 4258 },
    { "label": "April", "value": 4147 },
    { "label": "May", "value": 4325 },
    { "label": "June", "value": 4105 },
    { "label": "July", "value": 4392 },
    { "label": "August", "value": 4166 },
    { "label": "September", "value": 3887 },
    { "label": "October", "value": 3881 },
    { "label": "November", "value": 4263 },
    { "label": "December", "value": 3934 }
  ]
}
